/*
Navicat MySQL Data Transfer

Source Server         : localhost
Source Server Version : 50535
Source Host           : localhost:3306
Source Database       : alex_erp_2

Target Server Type    : MYSQL
Target Server Version : 50535
File Encoding         : 65001

Date: 2014-07-15 15:14:01
*/

SET FOREIGN_KEY_CHECKS=0;

-- ----------------------------
-- Table structure for `clients`
-- ----------------------------
DROP TABLE IF EXISTS `clients`;
CREATE TABLE `clients` (
  `id` int(11) NOT NULL AUTO_INCREMENT,
  `name` text,
  `company_name` text,
  `surname` text,
  `personal_code` text,
  `company_code` text,
  `vat_code` text,
  `first_invoice_id` int(11) DEFAULT NULL,
  `last_invoice_id` int(11) DEFAULT NULL,
  `phones` text,
  `phone1` text,
  `phone2` text,
  `emails` text,
  `email1` text,
  `email2` text,
  `remark` text,
  `remark_for_service` text,
  `last_service_id` int(11) DEFAULT NULL,
  `next_service_id` int(11) DEFAULT NULL,
  `last_service_date` int(11) DEFAULT NULL,
  `next_service_date` int(11) DEFAULT NULL,
  `type` int(11) DEFAULT NULL,
  `date_created` int(11) DEFAULT NULL,
  `date_changed` int(11) DEFAULT NULL,
  `user_modified_by` int(11) DEFAULT NULL,
  `priority` int(11) DEFAULT NULL,
  `status` int(11) DEFAULT NULL,
  PRIMARY KEY (`id`),
  KEY `last_service_id` (`last_service_id`),
  KEY `next_service_id` (`next_service_id`),
  KEY `first_invoice_id` (`first_invoice_id`),
  KEY `last_invoice_id` (`last_invoice_id`),
  CONSTRAINT `clients_ibfk_1` FOREIGN KEY (`last_service_id`) REFERENCES `service_cards` (`id`),
  CONSTRAINT `clients_ibfk_2` FOREIGN KEY (`next_service_id`) REFERENCES `service_cards` (`id`),
  CONSTRAINT `clients_ibfk_3` FOREIGN KEY (`first_invoice_id`) REFERENCES `invoices_out` (`id`),
  CONSTRAINT `clients_ibfk_4` FOREIGN KEY (`last_invoice_id`) REFERENCES `invoices_out` (`id`)
) ENGINE=InnoDB AUTO_INCREMENT=7 DEFAULT CHARSET=utf8;

-- ----------------------------
-- Records of clients
-- ----------------------------
INSERT INTO `clients` VALUES ('2', 'NAM', 'cpname', 'MA', 'GGG', 'CODE', '456SDF', null, null, null, '123456', '123456', null, 'em@i.l', 'em@i.l', 'remark', 'remark', null, null, null, null, '1', '1405423057', '1405423057', '1', null, null);

-- ----------------------------
-- Table structure for `invoices_in`
-- ----------------------------
DROP TABLE IF EXISTS `invoices_in`;
CREATE TABLE `invoices_in` (
  `id` int(11) NOT NULL AUTO_INCREMENT,
  `supplier_id` int(11) DEFAULT NULL,
  `invoice_code` text,
  `invoice_date` int(11) DEFAULT NULL,
  `warranty_days` int(11) DEFAULT NULL,
  `warranty_start_date` int(11) DEFAULT NULL,
  `payment_method_id` int(11) DEFAULT NULL,
  `signer_name` text,
  `date_created` int(11) DEFAULT NULL,
  `date_changed` int(11) DEFAULT NULL,
  `user_modified_by` int(11) DEFAULT NULL,
  PRIMARY KEY (`id`),
  KEY `supplier_id` (`supplier_id`),
  KEY `payment_method_id` (`payment_method_id`),
  CONSTRAINT `invoices_in_ibfk_1` FOREIGN KEY (`supplier_id`) REFERENCES `suppliers` (`id`),
  CONSTRAINT `invoices_in_ibfk_2` FOREIGN KEY (`payment_method_id`) REFERENCES `payment_methods` (`id`)
) ENGINE=InnoDB DEFAULT CHARSET=utf8;

-- ----------------------------
-- Records of invoices_in
-- ----------------------------

-- ----------------------------
-- Table structure for `invoices_out`
-- ----------------------------
DROP TABLE IF EXISTS `invoices_out`;
CREATE TABLE `invoices_out` (
  `id` int(11) NOT NULL AUTO_INCREMENT,
  `invoice_code` text,
  `invoice_date` int(11) DEFAULT NULL,
  `warranty_days` int(11) DEFAULT NULL,
  `warranty_start_date` int(11) DEFAULT NULL,
  `payment_method_id` int(11) DEFAULT NULL,
  `type` int(11) DEFAULT NULL,
  `signer_name` text,
  `client_id` int(11) DEFAULT NULL,
  `date_created` int(11) DEFAULT NULL,
  `date_changed` int(11) DEFAULT NULL,
  `user_modified_by` int(11) DEFAULT NULL,
  PRIMARY KEY (`id`),
  KEY `client_id` (`client_id`),
  KEY `payment_method_id` (`payment_method_id`),
  CONSTRAINT `invoices_out_ibfk_1` FOREIGN KEY (`client_id`) REFERENCES `clients` (`id`),
  CONSTRAINT `invoices_out_ibfk_2` FOREIGN KEY (`payment_method_id`) REFERENCES `payment_methods` (`id`)
) ENGINE=InnoDB DEFAULT CHARSET=utf8;

-- ----------------------------
-- Records of invoices_out
-- ----------------------------

-- ----------------------------
-- Table structure for `operations_in`
-- ----------------------------
DROP TABLE IF EXISTS `operations_in`;
CREATE TABLE `operations_in` (
  `id` int(11) NOT NULL AUTO_INCREMENT,
  `product_card_id` int(11) DEFAULT NULL,
  `invoice_id` int(11) DEFAULT NULL,
  `qnt` int(11) DEFAULT NULL,
  `date` int(11) DEFAULT NULL,
  `price` int(11) DEFAULT NULL,
  `stock_id` int(11) DEFAULT NULL,
  `stock_qnt_after_op` int(11) DEFAULT NULL,
  `client_id` int(11) DEFAULT NULL,
  PRIMARY KEY (`id`),
  KEY `invoice_id` (`invoice_id`),
  KEY `product_card_id` (`product_card_id`),
  KEY `stock_id` (`stock_id`),
  CONSTRAINT `operations_in_ibfk_1` FOREIGN KEY (`invoice_id`) REFERENCES `invoices_in` (`id`),
  CONSTRAINT `operations_in_ibfk_2` FOREIGN KEY (`product_card_id`) REFERENCES `product_cards` (`id`),
  CONSTRAINT `operations_in_ibfk_3` FOREIGN KEY (`stock_id`) REFERENCES `stocks` (`id`)
) ENGINE=InnoDB DEFAULT CHARSET=utf8;

-- ----------------------------
-- Records of operations_in
-- ----------------------------

-- ----------------------------
-- Table structure for `operations_out`
-- ----------------------------
DROP TABLE IF EXISTS `operations_out`;
CREATE TABLE `operations_out` (
  `id` int(11) NOT NULL AUTO_INCREMENT,
  `product_card_id` int(11) DEFAULT NULL,
  `invoice_id` int(11) DEFAULT NULL,
  `qnt` int(11) DEFAULT NULL,
  `date` int(11) DEFAULT NULL,
  `price` int(11) DEFAULT NULL,
  `stock_id` int(11) DEFAULT NULL,
  `stock_qnt_after_op` int(11) DEFAULT NULL,
  `client_id` int(11) DEFAULT NULL,
  PRIMARY KEY (`id`),
  KEY `invoice_id` (`invoice_id`),
  KEY `product_card_id` (`product_card_id`),
  KEY `stock_id` (`stock_id`),
  CONSTRAINT `operations_out_ibfk_1` FOREIGN KEY (`invoice_id`) REFERENCES `invoices_out` (`id`),
  CONSTRAINT `operations_out_ibfk_2` FOREIGN KEY (`product_card_id`) REFERENCES `product_cards` (`id`),
  CONSTRAINT `operations_out_ibfk_3` FOREIGN KEY (`stock_id`) REFERENCES `stocks` (`id`)
) ENGINE=InnoDB DEFAULT CHARSET=utf8;

-- ----------------------------
-- Records of operations_out
-- ----------------------------

-- ----------------------------
-- Table structure for `operations_srv`
-- ----------------------------
DROP TABLE IF EXISTS `operations_srv`;
CREATE TABLE `operations_srv` (
  `id` int(11) NOT NULL AUTO_INCREMENT,
  `invoice_id` int(11) DEFAULT NULL,
  `service_id` int(11) DEFAULT NULL,
  `service_price` int(11) DEFAULT NULL,
  `ordered_date` int(11) DEFAULT NULL,
  `planned_date` int(11) DEFAULT NULL,
  `completed_date` int(11) DEFAULT NULL,
  `employee_user_id` int(11) DEFAULT NULL,
  `client_id` int(11) DEFAULT NULL,
  PRIMARY KEY (`id`),
  KEY `invoice_id` (`invoice_id`),
  KEY `service_id` (`service_id`),
  CONSTRAINT `operations_srv_ibfk_1` FOREIGN KEY (`invoice_id`) REFERENCES `invoices_out` (`id`),
  CONSTRAINT `operations_srv_ibfk_2` FOREIGN KEY (`service_id`) REFERENCES `service_cards` (`id`)
) ENGINE=InnoDB DEFAULT CHARSET=utf8;

-- ----------------------------
-- Records of operations_srv
-- ----------------------------

-- ----------------------------
-- Table structure for `payment_methods`
-- ----------------------------
DROP TABLE IF EXISTS `payment_methods`;
CREATE TABLE `payment_methods` (
  `id` int(11) NOT NULL AUTO_INCREMENT,
  `name` text,
  `description` text,
  `remark` text,
  `date_created` int(11) DEFAULT NULL,
  `date_changed` int(11) DEFAULT NULL,
  `user_modified_by` int(11) DEFAULT NULL,
  PRIMARY KEY (`id`)
) ENGINE=InnoDB DEFAULT CHARSET=utf8;

-- ----------------------------
-- Records of payment_methods
-- ----------------------------

-- ----------------------------
-- Table structure for `product_cards`
-- ----------------------------
DROP TABLE IF EXISTS `product_cards`;
CREATE TABLE `product_cards` (
  `id` int(11) NOT NULL AUTO_INCREMENT,
  `category_id` int(11) DEFAULT NULL,
  `product_name` text,
  `product_code` text,
  `description` text,
  `default_price` int(11) DEFAULT NULL,
  `units` text,
  `additional_params` text,
  `status` int(11) DEFAULT NULL,
  `date_created` int(11) DEFAULT NULL,
  `date_changed` int(11) DEFAULT NULL,
  `user_modified_by` int(11) DEFAULT NULL,
  PRIMARY KEY (`id`),
  KEY `category_id` (`category_id`),
  CONSTRAINT `product_cards_ibfk_1` FOREIGN KEY (`category_id`) REFERENCES `product_card_categories` (`id`)
) ENGINE=InnoDB AUTO_INCREMENT=5 DEFAULT CHARSET=utf8;

-- ----------------------------
-- Records of product_cards
-- ----------------------------
INSERT INTO `product_cards` VALUES ('2', '4', 'Intel Core i5', 'PR_385FHK', '2.5 Ghz, 4 core, 5MB cache', '30045', 'units', null, '1', '1404469678', '1405067124', '1');
INSERT INTO `product_cards` VALUES ('3', '6', 'Philips 234 E', 'PRODSKK', 'Monitors', null, 'units', null, '1', '1405349223', '1405349223', '1');
INSERT INTO `product_cards` VALUES ('4', '6', 'Водка столичная', 'CDSFSDF', 'ппппп', null, 'litres', null, null, null, null, null);

-- ----------------------------
-- Table structure for `product_card_categories`
-- ----------------------------
DROP TABLE IF EXISTS `product_card_categories`;
CREATE TABLE `product_card_categories` (
  `id` int(11) NOT NULL AUTO_INCREMENT,
  `name` text,
  `remark` text,
  `status` int(11) DEFAULT NULL,
  `date_created` int(11) DEFAULT NULL,
  `date_changed` int(11) DEFAULT NULL,
  `user_modified_by` int(11) DEFAULT NULL,
  PRIMARY KEY (`id`)
) ENGINE=InnoDB AUTO_INCREMENT=8 DEFAULT CHARSET=utf8;

-- ----------------------------
-- Records of product_card_categories
-- ----------------------------
INSERT INTO `product_card_categories` VALUES ('4', 'Processors', '', '1', '1404392037', '1405345673', '1');
INSERT INTO `product_card_categories` VALUES ('6', 'Monitors', 'just monitors', '1', '1404719915', '1404719915', '1');
INSERT INTO `product_card_categories` VALUES ('7', 'test', 'test', null, '1405419368', '1405419368', '1');

-- ----------------------------
-- Table structure for `product_in_stock`
-- ----------------------------
DROP TABLE IF EXISTS `product_in_stock`;
CREATE TABLE `product_in_stock` (
  `id` int(11) NOT NULL AUTO_INCREMENT,
  `stock_id` int(11) DEFAULT NULL,
  `product_card_id` int(11) DEFAULT NULL,
  `qnt` int(11) DEFAULT NULL,
  `date_changed` int(11) DEFAULT NULL,
  `date_created` int(11) DEFAULT NULL,
  PRIMARY KEY (`id`),
  KEY `product_card_id` (`product_card_id`),
  KEY `stock_id` (`stock_id`),
  CONSTRAINT `product_in_stock_ibfk_1` FOREIGN KEY (`product_card_id`) REFERENCES `product_cards` (`id`),
  CONSTRAINT `product_in_stock_ibfk_2` FOREIGN KEY (`stock_id`) REFERENCES `stocks` (`id`)
) ENGINE=InnoDB DEFAULT CHARSET=utf8;

-- ----------------------------
-- Records of product_in_stock
-- ----------------------------

-- ----------------------------
-- Table structure for `rights`
-- ----------------------------
DROP TABLE IF EXISTS `rights`;
CREATE TABLE `rights` (
  `id` int(11) NOT NULL AUTO_INCREMENT,
  `name` text,
  `label` text,
  PRIMARY KEY (`id`)
) ENGINE=InnoDB AUTO_INCREMENT=21 DEFAULT CHARSET=utf8;

-- ----------------------------
-- Records of rights
-- ----------------------------
INSERT INTO `rights` VALUES ('1', 'can see products', 'products_see');
INSERT INTO `rights` VALUES ('2', 'can see product categories', 'categories_see');
INSERT INTO `rights` VALUES ('3', 'can edit prodcut categories', 'categories_edit');
INSERT INTO `rights` VALUES ('4', 'can delete product categories', 'categories_delete');
INSERT INTO `rights` VALUES ('5', 'can edit products', 'products_edit');
INSERT INTO `rights` VALUES ('6', 'can delete products', 'products_delete');
INSERT INTO `rights` VALUES ('7', 'can create categories', 'categories_add');
INSERT INTO `rights` VALUES ('8', 'can create products', 'products_add');
INSERT INTO `rights` VALUES ('9', 'access to products section', 'products_section_see');
INSERT INTO `rights` VALUES ('10', 'can see contractors', 'contractors_section_see');
INSERT INTO `rights` VALUES ('11', 'can see employees', 'employees_section_see');
INSERT INTO `rights` VALUES ('13', 'can see clients', 'clients_see');
INSERT INTO `rights` VALUES ('14', 'can edit clients', 'clients_edit');
INSERT INTO `rights` VALUES ('15', 'can delete clients', 'clients_delete');
INSERT INTO `rights` VALUES ('16', 'can add clients', 'clients_add');
INSERT INTO `rights` VALUES ('17', 'can see suppliers', 'suppliers_see');
INSERT INTO `rights` VALUES ('18', 'can edit suppliers', 'suppliers_edit');
INSERT INTO `rights` VALUES ('19', 'can add suppliers', 'suppliers_add');
INSERT INTO `rights` VALUES ('20', 'can delete suppliers', 'suppliers_delete');

-- ----------------------------
-- Table structure for `service_cards`
-- ----------------------------
DROP TABLE IF EXISTS `service_cards`;
CREATE TABLE `service_cards` (
  `id` int(11) NOT NULL AUTO_INCREMENT,
  `service_name` text,
  `service_description` text,
  `default_price` int(11) DEFAULT NULL,
  `additional_params` text,
  `status` int(11) DEFAULT NULL,
  `date_created` int(11) DEFAULT NULL,
  `date_changed` int(11) DEFAULT NULL,
  `user_modified_by` int(11) DEFAULT NULL,
  PRIMARY KEY (`id`)
) ENGINE=InnoDB DEFAULT CHARSET=utf8;

-- ----------------------------
-- Records of service_cards
-- ----------------------------

-- ----------------------------
-- Table structure for `stocks`
-- ----------------------------
DROP TABLE IF EXISTS `stocks`;
CREATE TABLE `stocks` (
  `id` int(11) NOT NULL AUTO_INCREMENT,
  `name` text,
  `location` text,
  `description` text,
  `date_created` int(11) DEFAULT NULL,
  `date_changed` int(11) DEFAULT NULL,
  `user_modified_by` int(11) DEFAULT NULL,
  PRIMARY KEY (`id`)
) ENGINE=InnoDB DEFAULT CHARSET=utf8;

-- ----------------------------
-- Records of stocks
-- ----------------------------

-- ----------------------------
-- Table structure for `suppliers`
-- ----------------------------
DROP TABLE IF EXISTS `suppliers`;
CREATE TABLE `suppliers` (
  `id` int(11) NOT NULL AUTO_INCREMENT,
  `name` text,
  `surname` text,
  `personal_code` text,
  `company_name` text,
  `company_code` text,
  `vat_code` text,
  `last_invoice_id` int(11) DEFAULT NULL,
  `phones` text,
  `phone1` text,
  `phone2` text,
  `emails` text,
  `email1` text,
  `email2` text,
  `type` int(11) DEFAULT NULL,
  `remark` text,
  `date_created` int(11) DEFAULT NULL,
  `date_changed` int(11) DEFAULT NULL,
  `user_modified_by` int(11) DEFAULT NULL,
  `priority` int(11) DEFAULT NULL,
  `status` int(11) DEFAULT NULL,
  PRIMARY KEY (`id`),
  KEY `last_invoice_id` (`last_invoice_id`),
  CONSTRAINT `suppliers_ibfk_1` FOREIGN KEY (`last_invoice_id`) REFERENCES `invoices_in` (`id`)
) ENGINE=InnoDB AUTO_INCREMENT=3 DEFAULT CHARSET=utf8;

-- ----------------------------
-- Records of suppliers
-- ----------------------------
INSERT INTO `suppliers` VALUES ('1', 'Zhora', 'Pupkin', 'PERS', 'Philips', 'P7SDF85', '1456465', null, null, '852725514', '', null, 'phil@em.ail', '', '1', 'sdfsdf', '1405423095', '1405423095', '1', '1', '1');

-- ----------------------------
-- Table structure for `users`
-- ----------------------------
DROP TABLE IF EXISTS `users`;
CREATE TABLE `users` (
  `id` int(11) NOT NULL AUTO_INCREMENT,
  `username` text,
  `password` text,
  `email` text,
  `name` text,
  `surname` text,
  `phone` text,
  `address` text,
  `remark` text,
  `additional_params` text,
  `role` int(11) DEFAULT NULL,
  `status` int(11) DEFAULT NULL,
  `rights_id` int(11) DEFAULT NULL,
  `date_created` int(11) DEFAULT NULL,
  `date_changed` int(11) DEFAULT NULL,
  `user_modified_by` int(11) DEFAULT NULL,
  `avatar` text,
  PRIMARY KEY (`id`),
  KEY `rights_id` (`rights_id`)
) ENGINE=InnoDB AUTO_INCREMENT=2 DEFAULT CHARSET=utf8;

-- ----------------------------
-- Records of users
-- ----------------------------
INSERT INTO `users` VALUES ('1', 'admin', '81dc9bdb52d04dc20036dbd8313ed055', 'darkoffalex@yandex.ru', 'Valery', 'Gatalsky', null, null, null, null, '1', '1', '0', null, null, null, 'dmitrij_chitrov.jpg');

-- ----------------------------
-- Table structure for `user_rights`
-- ----------------------------
DROP TABLE IF EXISTS `user_rights`;
CREATE TABLE `user_rights` (
  `id` int(11) NOT NULL AUTO_INCREMENT,
  `user_id` int(11) DEFAULT NULL,
  `rights_id` int(11) DEFAULT NULL,
  `right_value` int(11) DEFAULT NULL,
  PRIMARY KEY (`id`),
  KEY `rights_id` (`rights_id`),
  KEY `user_id` (`user_id`),
  CONSTRAINT `user_rights_ibfk_1` FOREIGN KEY (`rights_id`) REFERENCES `rights` (`id`),
  CONSTRAINT `user_rights_ibfk_2` FOREIGN KEY (`user_id`) REFERENCES `users` (`id`)
) ENGINE=InnoDB AUTO_INCREMENT=21 DEFAULT CHARSET=utf8;

-- ----------------------------
-- Records of user_rights
-- ----------------------------
INSERT INTO `user_rights` VALUES ('1', '1', '1', '1');
INSERT INTO `user_rights` VALUES ('2', '1', '2', '1');
INSERT INTO `user_rights` VALUES ('3', '1', '3', '1');
INSERT INTO `user_rights` VALUES ('4', '1', '4', '1');
INSERT INTO `user_rights` VALUES ('6', '1', '5', '1');
INSERT INTO `user_rights` VALUES ('7', '1', '6', '1');
INSERT INTO `user_rights` VALUES ('8', '1', '7', '1');
INSERT INTO `user_rights` VALUES ('9', '1', '8', '1');
INSERT INTO `user_rights` VALUES ('10', '1', '9', '1');
INSERT INTO `user_rights` VALUES ('11', '1', '10', '1');
INSERT INTO `user_rights` VALUES ('12', '1', '11', '1');
INSERT INTO `user_rights` VALUES ('13', '1', '13', '1');
INSERT INTO `user_rights` VALUES ('14', '1', '14', '1');
INSERT INTO `user_rights` VALUES ('15', '1', '15', '1');
INSERT INTO `user_rights` VALUES ('16', '1', '16', '1');
INSERT INTO `user_rights` VALUES ('17', '1', '17', '1');
INSERT INTO `user_rights` VALUES ('18', '1', '18', '1');
INSERT INTO `user_rights` VALUES ('19', '1', '19', '1');
INSERT INTO `user_rights` VALUES ('20', '1', '20', '1');
